seq,ecological domination
"  The World Bank Brazil: Pernambuco Rural Water and Sanitation Project (PROSAR) (P180430) rural population relies on agriculture and animal husbandry for its livelihood, which is generally of low productivity in Pernambuco and highly vulnerable to climate change-exacerbated droughts, floods5 and water security risks.",0.838115085255016
"With increasingly limited and erratic water resources availability, the challenge of providing reliable water supplies to its population and economy, while safeguarding the environment, is becoming increasingly complex.",0.7669599706476385
"The Law mandates a bold reform of the regulatory framework, promotes private sector’s participation in service delivery, and introduces credit enhancement mechanisms.",0.8313551816073331
"The new State administration in office since early 2023, confirmed universal access to WSS a priority and is drafting a Law to align 5 Floods risks only affects a small share of the territory in the south coastal region.",0.25682436336170544
"6 Water security is defined here as the combination of water resources management and water services delivery, the later including water supply and sanitation as well as irrigation.",0.8991335088556464
  The World Bank Brazil: Pernambuco Rural Water and Sanitation Project (PROSAR) (P180430) with the Federal Government’s target of 203312.,0.6537446975708008
"16 Pernambuco RWSS management model study, State of Pernambuco, 2018.",0.5487651391462847
"19 Pernambuco RWSS management model study, State of Pernambuco, 2018.",0.45978884263472125
Securing a water source in a context of climate change-exacerbated droughts and water scarcity is one of the two main challenges to reach universal RWSS access in Pernambuco.,0.8252149061723189
The second main challenge to reach universal access is to set-up sustainable management models for service delivery.,0.8705306486649946
"New RWSS systems are frequently abandoned by the local communities they are supposed to serve (known as self-supplied), sometimes because the technology is too complex, but mostly because of the lack of prolonged technical assistance to the rural community in charge of its O&M and insufficient tariff payment.",0.5012930089777167
"This situation may lead to increased conflicts over water use and migration as well as further investment needs to reach universal access, as alternative, more costly water supplies must be tapped.",0.586360671303489
"Finally, while limited to the southern coastal region (Mata Sul) and a very small share of the Project area, the expected future increases in floods intensity and frequency highlight the need to increase the overall resilience of RWSS systems to such events through better design and contingency plans.",0.8631661155007102
"To address the challenge of securing water source for drinking supply , the State and Federal Governments have been deploying significant efforts to develop hydraulic infrastructure, including dams, transfers from the São Francisco River (PISF)25, wells in sedimentary aquifers less subject to climate variability, bulk water networks of canals and pipelines crisscrossing the State and small desalinization plants to tap low productivity, brackish aquifers for small rural communities.",0.9311505230990323
"On-going financed activities include: (i) developing the complementary state-level infrastructure to the PISF to reach the end users, notably for RWS and (ii) setting-up the financing and management model for sustainable O&M of 22 Trata Brazil.",0.894736029885032
"23 State Water Resources Plan - Plano Estadual de Recursos Hídricos de Pernambuco, 2022 .",0.6418996290727095
"25 The water transfer from the São Francisco River to four Northeastern States, known as Projeto de Integração do Rio São Francisco – PISF is a Federal Government project, which aims to secure water sources for WS and to promote the development of the driest areas of the states of Pernambuco, Ceará, Paraíba and Rio Grande do Norte.",0.836369514465332
"The project transfers water from the São Francisco River through two main axes, with a total of 477km of canals, 04 tunnels, 14 aqueducts, 9 Pumping Stations and 27 reservoirs: North Axis has 260 km of extension, and East Axis 217 km of extension.",0.8941918286410245
  The World Bank Brazil: Pernambuco Rural Water and Sanitation Project (PROSAR) (P180430) the PISF infrastructure at federal and state levels.,0.810281059958718
"Beyond hydraulic infrastructure, securing water quantity and quality for rural water requires improving the management of water resources, including better knowledge of the sedimentary aquifers capacity, better water monitoring of the rural water sources, better control of water uses in those sources notably through water rights administration and negotiated allocation, developing and implementing drought preparedness and contingency plans for rural water, activities that will be supported by the Project to secure the water sources of its RWSS systems.",0.9506806460293856
"To address flood risks in the south coastal area, the State is building four dams to contain floodwaters and has a hydrometeorogical system managed by APAC that issue flood alerts.",0.8715362548828125
"To address the challenge of setting-up sustainable management models, the State Government, with support from two IBRD-financed and completed projects (Pernambuco Sustainable Water–PSH (P108654) and the Pernambuco Rural Economic Inclusion Project–PRS or Prorural (P120139)), created a RWS information system with incentives for rural communities to self-register (7,000 communities have registered) and developed a strategy that defines the institutional framework to reach rural universal access26.",0.627805623141202
Water Resources Management.,0.8739179264415394
"The Pernambuco water and climate agency (APAC), ascribed to the Secretariat of Water Resources and Water Supply & Sanitation (Secretaria de Recursos Hídricos e Saneamento - SRHS), is the main government entity in charge of water resources management.",0.861157937483354
It oversees the execution of the 2005 State Water Resources Policy27 .,0.8512670343572443
"Its main functions include : (i) water resources and climate information28; (ii) water resources planning; (iii) the emission, control and enforcement of water rights, discharge permits and hydraulic works authorizations; (iv) setting ambient water quality targets in coordination with environment; (v) the definition and collection of water user fees; (vi) encourage the creation and support the functioning of river basin councils; (vii) mediation of conflicts over water resources; (viii) enforce dam safety regulations; (ix) plan and promote actions to reduce the effects of droughts and floods; (viii) control and enforcement of dam safety; (ix) define the rules and criteria of hydraulic infrastructure operation; and (x) control with police power, the use of water and the bulk water service delivery from the PISF and collect related bulk water tariff.",0.9187062003395774
The main issues that APAC faces to implement its functions are: (i) limited financial resources as the water use resource fees foreseen in the State Water Law have not been approved yet29; (ii) the absence of local offices while most of its functions require presence in the field; and (iii) insufficient staff positions considering recently increased functions and unfilled existing positions.,0.7498957027088512
"Another relevant institution for water resources management is the Water Infrastructure Executive Secretariat (SEIH) under SRHS which is responsible to build some of the major water infrastructure owned by the State, including bulk water pipelines, canals and dams, while the O&M of those infrastructure is the responsibility of their main users, including in the case of water supply, the State Water Utility and the State Executive Secretariat for Water Supply and Sanitation (SESAN).",0.9037141799926758
"In rural areas, very few RWS systems are operated by the State Water Utility (Companhia Pernambucana de Saneamento - Compesa) or by Municipal-Owned WSS Institutions ( Serviço Autônomo de Água e Esgoto – SAAE).",0.7828094309026544
"28 Including, the management of the State Integrated Water Resources Information System, including the water user and water infrastructure registries.",0.8694771853360262
the coordination of the state hydrological (quantity and quality) and meteorological monitoring and forecasting system; the coordination of water and climate studies and research.,0.8050120960582386
29 The water resource use fees are designed to complement APAC’s budget and as an incentive for efficient use of water resources and are expected to be introduced following their approval by the State Assembly early 2024.,0.8794814023104581
Those fees are not to finance the O&M of potable water supply infrastructure which is to be financed by a water tariff.,0.9716263684359464
"  The World Bank Brazil: Pernambuco Rural Water and Sanitation Project (PROSAR) (P180430) solutions are typically for single households who take care of their O&M, including sludge disposal.",0.8739844235506925
"The State strategy to structure the RWS sector, which is under implementation since 2021, is designed to address the sustainability issue of RWS systems as well as substantially increase investments in the sector to reach universal water access in rural areas.",0.9206614060835405
"Size of rural Estimated State population Proposed approach for RWS service provision communities From 0 to 30 families 300,000 (very dispersed) Self-supply solutions with support from the State to potentially be From 31 to 100 families 400,000 integrated to multi-village solutions From 101-1,250 families 400,000 (communities of small Served by a semi-professional operator (community associations size) with support from a federation of associations or municipality) Above 1,251 families 800,000 (peri-urban areas) Served by a professional operator (e.g.",0.2001723809675737
"The State Government decided to start with the implementation of the semi-professional schemes, ranging from 80 to 1,500 families, centered around the Integrated Scheme for Rural Water Supply and Sanitation (Sistema Integrado de Saneamento Rural)30 model, successfully implemented in other Brazilian states31.",0.17163422974673184
They are expected to fully cover their expenses (mostly energy and local operator) through tariff collection.,0.8802129572088068
"b. SISARs are responsible for carrying out specialized RWS maintenance at scale; the acquisition of chemicals for water treatment, supporting the establishment, strengthening and technical assistance to community associations to ensure their sustainability over time; and carrying out socio-environmental education activities.",0.8533150066028942
They are financed from a share of the tariffs charged by the community associations to water users.,0.8797899593006481
"c. State sector institutions (Compesa and/or SRHS/SESAN) define technical standards for designs and works; monitor results and water quality delivered by the RWS systems; subsidize SISARs during their incubation phase, estimated to be the first three years of each SISAR implementation.",0.8702585046941583
"The SISAR model is currently designed to supply water to communities between 80 and 1,500 families, which cover a large share of the rural population.",0.6562748822298917
"Sanitation solutions for emptying and disposing the sludge/excreta will be studied as part of the 30 Bank’s studies (World Bank, 2017.",0.3087240999395197
Estudo de modelos de gestão de serviços de abastecimento de água no meio rural no Brasil) have recognized SISAR’s scheme as implemented in the State of Ceará as best practice for servicing drinking water supply.,0.8793217919089578
  The World Bank Brazil: Pernambuco Rural Water and Sanitation Project (PROSAR) (P180430) pilots to be implemented by the Project and integrated in the regional WSS planning and universal RWSS strategy.,0.7215007868680087
The Government requested IBRD’s support for the implementation of this initial Government RWSS strategy centered around climate-resilient water sources and RWSS systems and the SISAR model which is still at an initial stage of implementation.,0.8680579445578835
"During the “incubation” phase, SISARs functioning are subsidized by Compesa and SRHS, until the water tariffs collected from the community associations cover their full costs.",0.8509498942982067
"32 The State Government also requested support to strengthen its capacity for scaling-up and reaching universal access, including for developing a Universal, climate-resilient RWSS access strategy and key instruments to implement it (planning, design studies, financial model studies and RWSS information system strengthening).",0.8460337898947976
"The Project is consistent with the priorities of the World Bank Group’s (WBG) Country Partnership Framework (CPF) for Brazil, 2024-202833 and WBG Corporate commitments.",0.8712193749167703
It directly supports the CPF’s High Level Outcome 2 (“Greater Inclusion of the Poor and Underserved Populations”) and related objective 2.1 “Improve access to essential services and products”; High Level Outcome 3 (“A Greener Economy with Reduced Vulnerability to Climate Shocks”) and related objective 3.1 “Improve management of natural resources” as well as cross-cutting theme of Governance and institutions.,0.9055987271395597
"The Project is aligned with the following corporate priorities: (i) WBG’s Evolution Roadmap, by contributing to the WBG Scorecard “Planet” indicator #6 “Inclusive and equitable water and sanitation services”; (ii) the Global Challenges Program – GCP #1 “Fast-track Water Security and Climate Adaptation”; (iii) closing some of the Gender gaps identified in the 2016-2023 WBG’s Gender Strategy by mandating adequate female participation in key Project’s activities such as training, capacity building, water user association mobilizations and management, interventions planning and/or design (see Annex 3 for more details); (iv) Climate change adaptation and mitigation supporting the objectives set in the Brazil CCDR and IBRD Climate Change Action Plan; (v) the WBG’s Goals of poverty reduction and shared prosperity on a livable planet, by closing the WSS access gap between more prosperous urban areas and rural areas where the concentration of poor is the highest, improving rural sanitation, thereby reducing contamination and increasing the state capacity for water resources management; and (vi) the Bank’s Green, Resilient and Inclusive Development (GRID) Strategy.",0.3604620369997891
"The Project intends to reduce in its area of intervention, the vulnerability of residents to climate change- exacerbated droughts, water scarcity and floods by increasing the climate resilience of the area’s rural WSS infrastructure and services.",0.9263012625954368
"More broadly, the Project is aligned with the State's 2014 Development Strategy.34, which specifically calls for “improving WSS services and increasing water security in rural areas”, as well as reducing the public service and development gaps between urban and rural areas; slowing-down rural migration and improving the quality of life and health of rural population and their resilience to climate change risks.",0.661182316866788
"In their latest Updated NDC, on mitigation, Brazil commits to a reduction of 37 percent and 50 percent in its GHG emissions by 2025 and 2030, respectively, compared to its 2005 level, and to achieve climate neutrality 32 SESAN is discussing the potential creation by Decree of well-structured two units to replace the UGSR in giving more robust support to the RWSS sector and to SISAR.",0.5726242065429688
  The World Bank Brazil: Pernambuco Rural Water and Sanitation Project (PROSAR) (P180430) (net-zero emissions) by 2050.,0.03725664724003185
"The Project is not expected to be emissions intensive and will not jeopardize NDC mitigation goals, having the potential of reducing GHG emissions by promoting the use of appropriate and climate resilient water and sanitation systems.",0.8308767838911577
"Moreover, NDC and the National Adaptation Plan promote the integration of climate risk management into planning and management instruments as well as increasing understanding on climate vulnerability and risks, in vulnerable sectors, including water.",0.8412414030595259
"The Project will directly contribute to these climate adaptation efforts at the State level by improving drought and flood forecasting and climate projections (through improved hydromet observation networks and better radars calibration) and climate risks preparedness (State drought preparedness plan and RWS drought/flood contingency plans when required), integrate climate risks management into the State WSS strategy and RWSS plans for universal access and, RWSS systems designs, and prioritize water sources that are resilient to climate risks.",0.8082081187855114
The Project is also aligned with the Ecological Transformation Plan’s Circular Economy pillar by extending water and sanitation coverage; and the New Infrastructure and Adaption pillar by supporting the implementation of climate resilient RWSS systems.,0.8673185868696733
"In addition, once fully operational, the SISARs should be able to leverage donors and private financing for RWSS investments as happened in the State of Ceará.",0.5551426193930886
"The Project Development objectives (PDOs) are to increase access to sustainable, safely managed drinking water supply and improved sanitation36 in selected rural communities and to build the Borrower’s capacity to reach universal RWSS services.",0.9364874579689719
"In this Project, “sustainable”, considers two dimensions: institutional (with management models in place for O&M operation) and climate resilience (water source resilient to climate risks37 with contingency plan).",0.8547755154696378
"Improved sanitation, in this Project, is defined as Basic or Safely managed sanitation, which as per the JMP standards mean, in both cases, designed to hygienically separate excreta from human contact and are not shared with other households, and, in addition, in the case of safely managed, where excreta are safely disposed of in situ or removed and treated offsite.",0.5491137071089311
37 A climate-resilient potable water supply system guarantees access to potable water in case of severe droughts or more pronounced water scarcity brought about by climate change.,0.6864755370400168
This could be either because the source of water for the system is not vulnerable to climate variability or because contingency plans exist to activate an alternative source of potable water if the first one fails.,0.8426461653275923
"  The World Bank Brazil: Pernambuco Rural Water and Sanitation Project (PROSAR) (P180430)  SISAR Service Quality Index38  State’s universal, climate-resilient RWSS strategy and regional WSS plans adopted and under implementation B.",0.8864724419333718
The proposed project sets the basis for a programmatic approach addressing one of the most pressing water security challenges in the Northeast of Brazil.,0.5866708755493164
"The Project is a steppingstone towards addressing one of the most critical water security challenges facing the Northeast region of Brazil under a changing climate and of high relevance to its States Governors agenda; that is providing sustainable, universal access to potable water supply and sanitation services in rural areas.",0.6432385011152788
"Given the magnitude of the challenge, the current operation is conceived as the first in a sequence/suite of projects that will support the State of Pernambuco in its path to reach the sustainable, universal access goals by 2033.",0.8230300383134321
"To this end, the current Project will build the State and community capacities to reach and sustain this goal by developing a Universal access RWSS strategy; setting-up the institutional, planning, policy and financial frameworks and preparing feasibility studies for works and technical assistance to be carried out in subsequent operations.",0.7625404704700817
"Moreover, this operation is expected to serve as a template for other States’ engagements in rural WSS in the North-East of Brazil and is very much aligned with the upcoming Water Security and Climate Adaptation Global Challenge Program approach and vision.",0.0980408950285478
"The proposed Project is a US$113 million Investment Project Financing (IPF) operation, financed by a US$90 million IBRD loan and US$23 million in State counterpart funds39.",0.8506888476285067
"Component 1 – Increase access to climate-resilient, safely-managed RWS and improved sanitation (US$91.27 million of which US$68.27 million IBRD financing and US$23 million counterpart funds) .",0.8715246373956854
"This component aims at increasing rural population’s access to safely managed drinking water supply resilient to water scarcity, droughts and floods, and improved on-site sanitation solutions, thereby contributing to the State universal WSS access goal and increasing the rural population’s resilience to climate change exacerbated water scarcity, droughts and floods.",0.2958588816902854
Subcomponent 1.1 –Increase access to safely-managed RWS and improved on-site sanitation solutions with climate-resilient designs (US$69.50 million of which US$66.50 million IBRD financing and US$3 million counterpart funds).,0.8916623375632546
"This subcomponent finances the feasibility studies, engineering designs, works and supervision of works of water scarcity, drought and flood resilient, safely managed RWS systems40 (climate resilient infrastructure design elements are discussed in the Technical Analysis section) and improved sanitation solutions 41 in selected rural communities, including where required, in community health centers and schools.",0.8624468716708097
It will also finance feasibility studies and engineering designs of RWSS systems that will be implemented in subsequent projects.,0.450387261130593
Subcomponent 1.2 – Improve climate-resilience of water sources (US$20.80 million of which US$0.80 million IBRD financing and US$20 million counterpart funds).,0.9025436748157848
The subcomponent will increase water source resilience to climate risks and respond to IBRD’s Environmental and Social Framework (ESF) requirements on dam safety for RWSS subprojects 38 Index to assess the institutional sustainability dimension of the PDO including the quality and sustainability of the WS service provided by SISAR considering financial equilibrium and chlorine content in distributed water.,0.8834863142533735
"40 Water supply systems would include water source intake, treatment, storage, conveyance and distribution network at household level.",0.8896501714533026
41 Sanitation solutions would include construction of onsite sanitation structures– complete household sanitary kits ( módulos sanitários domiciliares - MSD) or treatment units for existing sanitary kits - in the communities identified to receive new water systems.,0.7984496896917169
  The World Bank Brazil: Pernambuco Rural Water and Sanitation Project (PROSAR) (P180430) financed under component 1.1.,0.7899584336714311
"The subcomponent will finance: (a) works and their supervision to implement the Arataca II water conveyance system to increase the drought and water scarcity resilience of the Botafogo water system 42, by providing an alternative water source in case its current ones fail.",0.9282800501043146
This is fully financed with counterpart funds; and (b) instrumentation and basic maintenance43 identified in the safety action plans of the existing dams on which RWS financed under component 1.1. rely upon44.,0.8628978729248047
No rehabilitation45 of existing dams nor construction of new dams will be eligible for financing.,0.8537171970714222
"Subcomponent 1.3 – Innovate with climate-resilient, safely-managed RWSS pilot solutions for universal access (US$0.97 million, fully IBRD financed).",0.7577438354492188
"The subcomponent will implement innovative technical and management pilot solutions to prepare for climate-resilient, universal access in those rural water supply market segments not covered by SISARs (especially small villages and scattered housing) and to transition fully to safely managed sanitation designed to be resilient to increased scarcity, floods and droughts (design elements detailed in the Technical Analysis section).",0.8919225172563032
"Financed activities include development of studies and designs for water scarcity, flood and drought resilience, implementation of pilots, monitoring of results, evaluation for replicability and scalability, incorporation in RWSS strategy and investment plans and dissemination of results, including in RWSS strategy and investment plans developed under 2.1.",0.8385066119107333
"Component 2 – Build the Borrower’s capacity to reach universal and climate-resilient RWSS access and sustainably managed RWS systems and their water sources (US$15.75 million, fully IBRD financed) .",0.9110364046963778
"This component aims at building the capacity of the public and private, not-for-profit entities (State, SISAR, community’s associations) that have a key role in delivering sustainable, safely managed, and flood and drought-resilient RWS and improved sanitation solutions to reach universal and climate-resilient access.",0.8677317879416726
"Subcomponent 2.1 – Build the Borrower’s capacity to reach universal RWSS access and sustainably managed RWS systems (US$7.95 million, fully IBRD financed).",0.8827935999090021
"This subcomponent will finance: (a) the establishment of SISAR’s in six regions46, including through activities such as the drafting and implementation of the SISARs capacity building and business plans, the refurbishment and equipment of their office buildings considering climate dimensions and acquisition of vehicles; (b) the improvement and expansion of the Borrower’s RWSS information system, including collection of in- situ data; (c) the development and initial implementation of the Borrower’s climate-resilient, universal access WSS strategy and regional plans47; (d) a sludge management study of alternatives; (e) the strengthening of the Borrower’s dedicated RWSS capacity to deliver technical assistance to the SISARs and the community associations through training, equipment and consultant services; (f) the improvement of the Borrower’s monitoring and evaluation of the SISARs’ performance; and (g) the strengthening of the rural communities’ capacity to, inter alia, promote hygiene, the rationale use of water in drought and water-scarce situation and sanitation solutions.",0.7994936162775214
"Subcomponent 2.2 – Strengthen the resilience of the Borrower’s RWS systems’ water sources under climate risks (US$7.80 million, fully IBRD financed).",0.8779569105668501
"This subcomponent, in complement to the system-specific activities supported under subcomponent 1.2, aims at strengthening the resilience of the State’s RWS system’s water sources against climate risks.",0.8462911952625621
"More specifically, it will: 42 Botafogo water system supplies water to around 910,000 mostly urban inhabitants.",0.8422477028586648
43 Basic maintenance includes services to a dam to prevent safety problems.,0.45961024544455786
"44 Better instrumentation and maintenance of dams would reduce risks of flooding from dam failure, especially in areas where peak water flows in the river is expected to be higher due to climate change, such as in the coastal south.",0.8648558529940519
45 Rehabilitation would include services to recover a dam from safety problems.,0.6736422452059659
  The World Bank Brazil: Pernambuco Rural Water and Sanitation Project (PROSAR) (P180430) a.,0.806381572376598
Increase APAC’s capacity to carry out its water resources management (WRM) and São Francisco inter-basin transfer (PISF) O&M and regulation functions where they will contribute to secure rural water sources.,0.8895969390869141
"This includes, inter alia: (i) the construction or renovation and equipment of APAC’s headquarters and two regional offices to increase its presence in the field and its working environment taking into account climate dimensions; (ii) the promotion of a public awareness campaign to increase water users’ registration and water rights emission; (iii) the development of hydrogeological studies of sedimentary aquifers to identify drought resilient sources; (iv) the strengthening of hydromet monitoring48 to better manage rural water sources, improve drought and flood forecasting and climate projections; (v) the development of a state-wide drought preparedness plan, (vi) the carrying out of feasibility studies for urban riverfront park to improve riverfront public access and recreational use as well as improve river and banks ecological state; and (vii) the design and implementation of hydraulic infrastructure and sanitation planning platform.",0.9630015980113636
"Increase SESAN’s and APAC’s capacity on dam safety and resilience to extreme flood events, including through (i) the preparation or update of dam O&M plans, dam safety plans and emergency preparedness plans; (ii) the evaluation of dam safety status; (iii) a risk-based inventory of dams in the Borrower’s territory; and (iv) the adoption of risk management approaches and tools; as well as staff training.",0.8811968890103427
"Component 3 - Project Management (total of US$5.98 million, fully IBRD financed) .",0.8753544200550426
"This component strengthens the Borrower’s capacity to carry out the Project through, inter alia, (a) the setting up and operationalization of the PMU, in particular with respect to (i) the coordination, management and administration of Project’s activities; (ii) the hiring of staff and of key consultancy firms; (iii) the delivery of training; (iv) the provision of equipment; (v) the carrying out of financial management and procurement activities; (vi) the carrying out of monitoring, supervision and Project evaluation activities; (vii) the carrying out of the environmental, social and dam safety aspects of the Project, as well as the implementation of a grievance redress mechanism; (viii) the carrying out of technical and financial audits; and (ix) the carrying out of citizen and gender engagements, and communication and outreach activities; and (b) the strengthening of internal controls of the Borrower through the provision of support to the State Comptroller General.",0.8705856149846857
"This includes 48,000 49 rural people with sustainable, safely-managed RWS systems of which 39,000 rural people also with improved rural sanitation solutions (increasing rural access by 3 and 2 percentage points respectively to 40 and 22 percent) and 910,000 mostly urban and peri-urban inhabitants by securing the water source needed to maintain the production of the Botafogo water supply system from drought and water scarcity risks.",0.7996070168235085
"The Project will also build the State institutional capacity (SESAN, COMPESA, APAC) to deliver sustainable, universal RWSS access, ultimately benefiting Pernambuco’s entire rural population, estimated at 1.6 million people.",0.7199935046109286
"Moreover, the strengthening of APAC’s capacity to implement its WRM, dam safety and PISF functions should indirectly benefit, both rural and urban populations (about 10 million people), as well as most of the economic activities on which they rely for their livelihood.",0.8306092348965731
"48 Disdrometers and thermohydrometers, automatic rain gauges, hydrological data collection platforms, topographic surveying equipment.",0.6260277141224254
  The World Bank Brazil: Pernambuco Rural Water and Sanitation Project (PROSAR) (P180430)   The World Bank Brazil: Pernambuco Rural Water and Sanitation Project (PROSAR) (P180430) E. Rationale for Bank Involvement and Role of Partners 40.,0.882359504699707
"Drawing on long and successful engagement in Pernambuco’s water sector and the Northeast overall and its extensive global experience in RWSS and WRM, the Bank can play a unique role in supporting the State of Pernambuco in reaching its universal WSS access goal in rural areas through lending and technical assistance, particularly in advising the State on ways to enhance the sustainability of RWSS investments, in particular through the strengthening of SISARs, participatory approaches, community participation, climate change mitigation and adaptation, and provide technical, managerial, operational, and supervisory expertise, enhancing investment sustainability and delivering added value to local communities.",0.8861778432672675
The Avina Foundation fosters public-private partnerships for RWSS interventions and is planning to fund a few RWS systems where SISARs are already operating.,0.4747539000077681
"Based on years of lessons learned from various IBRD- funded projects and analytical work, in Brazil and beyond, the Project follows a multi-scheme solution, SISAR, with prolonged expert support from the State WSS institutions, which the client chose, based on successful implementation in similar Northeastern states.",0.3812841935591264
b. RWSS projects must consider the resilience of water sources to climate risks .,0.8141588731245561
Project design ensures that RWS relies on climate resilient water sources or includes contingency plans in case their water sources are still vulnerable to multi-year droughts.,0.7937097549438477
"It also strengthens the capacity of the State in WRM, to improve knowledge, monitoring, and control of water sources from illegal uses.",0.8710667003284801
"The proposed Project will strengthen the State information system which will inform the design of its strategy, investment plans   The World Bank Brazil: Pernambuco Rural Water and Sanitation Project (PROSAR) (P180430) and state program to reach universal access in rural areas, as well as future World Bank and other financiers’ engagements.",0.7933068708939985
"d. Scaling-up safely managed sanitation solutions, the highest service level, in rural areas has been a challenge.",0.2018233429301869
"However, transitioning to safely managed solutions is particularly challenging as it implies being able to either safely dispose excreta on site or remove them and treat them offsite.",0.7872175736860796
"subsidizing sludge removal by accredited trucks; grey water re-use and composting) have had limited durable results and uptake, whether it is dependent or not on household participation and financing.",0.5639322020790793
"For this reason, the Project commits to at least reaching basic sanitation while striving to provide safely managed solutions where possible by promoting knowledge exchanges; piloting solutions successfully implemented and scaled-up elsewhere; including suitable arrangements for their O&M and financing, in order to find solutions that could be replicated and considered in the WSS plan and universal RWSS strategy.",0.39438819885253906
"The Secretariat of Water Resources and Sanitation (SRHS), through the Executive Secretariat of Water Supply and Sanitation (SESAN), will be responsible for overall Project implementation and coordination with other participating institutions, for which a Project Management Unit (PMU) will be created within SESAN by State decree.",0.8716219988736239
"The PMU will be responsible for Project coordination, implementation and supervision, including procurement and contract management, monitoring and evaluation, financial management (accounting and disbursement procedures), and environmental and social management.",0.8650808334350586
"The PMU will be established, and its Key Staff and a focal point for dam safety within SRHS will be hired or designated prior to effectiveness.",0.6139901768077504
"Technical support to the PMU will be provided by Compesa, APAC, SRHS, and the State’s Secretariat of the Controller General (SCGE), with, inter alia, the preparation of the terms of references/technical specifications and contracts supervisions and management.",0.8437034433538263
"More specifically, Compesa will support the PMU with the Arataca II pipeline under subcomponent 1.2, APAC with Subcomponent 2.2, except for the development of the Water and Sanitation Infrastructure Planning Platform, for which SRHS will take the responsibility; and SCGE for the consultancy for institutional   The World Bank Brazil: Pernambuco Rural Water and Sanitation Project (PROSAR) (P180430) strengthening under component 3.",0.8470808375965465
"The SRHS will enter into cooperation agreements with Compesa, APAC, and SCGE, all under terms and conditions acceptable to the Bank, that establish their respective roles and responsibilities in Project implementation.",0.8622510216452859
The SRHS will enter into operational agreements with each of the six SISARs to specify their respective responsibilities in the management of the RWSS schemes not later than 30 days (i) after Project’s effectiveness (for the existent SISARs) or (ii) after SISAR’s creation (for the new ones to be established).,0.28287098624489526
"The PMU will be responsible for Project’s Monitoring and Evaluation (M&E), consolidating information from SISARs management reports, civil works supervision reports, beneficiary surveys, and information provided by the technical cooperating entities, among others.",0.8335141268643466
"Universal RWSS access, notably to close the service gap with urban areas, is a key priority of the current Government.",0.702074571089311
The State Government has been prioritizing actions in the sector by securing additional funding through negotiations with the Federal Government.,0.04429776018316096
"Moreover, itis considering the Project as a stepping-stone to prepare a large RWSS program for universal access, possibly through a vertical MPA, and is currently mobilizing financing from other sources that will follow the Project’s approach.",0.7653741836547852
"Project design places a significant emphasis on the sustainability of its outcomes, by addressing the main causes of RWSS system failure: O&M management and financing models and the climate-resilience of water sources.",0.8625039187344637
"To do so, it will support the implementation of the proven SISAR management model that is enshrined in the State’s RWSS strategy and will rely on climate-resilient water sources, or develop contingency plans if the sources present residual climate risks.",0.8723163604736328
PROJECT APPRAISAL SUMMARY   The World Bank Brazil: Pernambuco Rural Water and Sanitation Project (PROSAR) (P180430) A.,0.7002437764948065
"Project design is laying the foundations for a State-wide program to reach universal access in rural areas , by putting in place the institutional and regulatory framework50, tariff structure and capacity, preparing the State strategy and plans, strengthening the RWSS information system, piloting innovative technologies and preparing a batch of RWSS systems feasibility studies.",0.363686821677468
"Investment needs exceed Project’s financial capacity, so a set of eligibility and prioritization criteria were developed.",0.967285849831321
"Priority will be given to RWS systems with a drought resilient water source (i.e.São Francisco River, unstressed deep sedimentary aquifers), and if still after applying the priority process the Project was to finance a RWS system with a water source vulnerable to severe droughts, a contingency plan will be developed and implemented.",0.8166729320179332
"Studies are being carried out for the first two SISARs that are operational to define the tariff structure, investment needs, number of connections and minimum SISAR capacity in order to reach O&M sustainability (or maturity) while providing quality service provision, and thereby better calibrate the level of efforts needed from the State to support the SISAR schemes.",0.9406337738037109
"While there are standard solutions for rural sanitation from other projects in Brazil that have been customized to Pernambuco’s rural reality, RWS designs will only be prepared during Project implementation.",0.19294166564941406
The bidding process of a first batch of sanitation works will occur early into implementation in communities that have recently received RWS systems financed with counterpart funds.,0.29295665567571466
"In addition, taking advantage of the time lapse from the invitation to negotiate to effectiveness (usually more than six months), the State will be able to prepare ToRs, bidding documents, and launch the bidding processes of key Project activities before signing.",0.8574295043945312
The Project is not at risk of having a negative impact on the 50 State sector policy approved; sector institutions legally set up; and SISAR legally authorized to deliver RWS services to rural State.,0.6776998693292792
52 The climate risks and vulnerabilities posed by climate change in the Project area are included in the State and Sectoral contexts.,0.11221597411415794
  The World Bank Brazil: Pernambuco Rural Water and Sanitation Project (PROSAR) (P180430) country’s low-GHG emissions development pathways as it supports activities that are on the Universally Aligned list or are expected to have low impact on GHG emissions and will not present a carbon lock-in risk.,0.8571779077703302
"Also, mitigation measures, when technically feasible and financially viable, are incorporated in Project design: a.",0.5883939049460671
"Component 1 finances the construction, rehabilitation and expansion of RWSS systems, including drinking water treatment, and on-site sanitation facilities (toilets and septic tanks).",0.5232640179720792
"For sanitation solutions, it may also include, on a pilot basis, resource recovery technology (wastewater and sludge reuse, biogas as biofuel).",0.8468362634832208
These investments meet the eligibility criteria and conditions of the UA list.,0.8655933900312944
Project’s RWS systems will be connected to the electricity grid which relies primarily on renewable energy.,0.8220413381403143
The use of back-up energy from fossil fuel is not envisaged as the electricity grid is reliable.,0.6145149577747692
"Septic tanks incorporated in Project’s design will lower their GHG emissions as they will be sealed to prevent leakage and capacity building of SISARs, community associations and households awareness campaigns and training will be carried out to foster their frequent emptying, moreover the business case for pursuing reuse of biogas and sludge will be assessed through pilots.",0.6626594716852362
The Project will not finance any large-scale anaerobic treatment plants with high unabated methane emissions or sanitation systems that significantly rely on the use of on-site fossil fuels.,0.35985963994806464
"Component 2 finances non-physical investments aimed at strengthening the capacity for the sustainable management of rural WSS systems and their water sources, including education and capacity building, emergency preparedness and hydro-meteorological observation networks which are in the Universally Aligned List.",0.6284343979575417
It also finances the rehabilitation of APAC’s regional offices and headquarters which will include energy efficient design.,0.3749371441927823
"While the exposure risk from the Project location is “High”, the overall Project risk is “Moderate” considering the design of the physical and non-physical components.",0.6878608356822621
"Indeed, Project activities will enhance resilience of both the beneficiaries and the RWSS systems, in the Project area, through the adoption of climate resilient designs for RWSS systems (i.e.",0.7197311141274192
"reinforcing surface water intakes against erosion/floating debris, upgrading intake screens to minimize blockages, reinforcing distribution system appurtenances, ensuring location of system away from flood prone areas, installing submersible pumps) and climate resilience water sources (i.e.diversifying water sources, relying on drought proof water sources).",0.8650105216286399
"Moreover, non-physical Project components will support capacity building for dam safety and water resources management, water and climate information, early warning system, and the preparation of contingency and preparedness plans to reduce these climate risks.",0.8952139074152167
Annex 2 provides information on the expected Project’s climate co-benefits.,0.7085200223055753
"Its main results are a Project Net Present Value (NPV) of US$165 million and an Economic Internal Rate of Return (EIRR) of 25.8 percent (excluding GHG emissions), much above the opportunity cost of capital estimated at 6 percent.",0.8758798079057173
"  The World Bank Brazil: Pernambuco Rural Water and Sanitation Project (PROSAR) (P180430) rate, and reductions in time savings.",0.8849192532626066
"If overall benefits are reduced by 30 percent, the EIRR is still 19 percent and the NPV US$109 million; likewise, with a cost overrun rate of 30 percent, the Project remains viable with an EIRR of 18 percent and a NPV of US$137 million.",0.43428668108853424
"Project benefits have been estimated conservatively based on: (a) time savings arising from collecting water, expected to translate into increased time allocation to productive activities and (b) benefits resulting from a reduction in health expenditures on waterborne diseases and in corresponding losses of output due to morbidity and premature death.",0.8007186542857777
"Costs included in the analysis are: (a) the costs of construction, feasibility studies and supervision of works; and (b) the cost of management and implementation as well as the O&M and replacement costs of the WSS schemes constructed under the Project.",0.6855111555619673
GHG Accounting confirms that the Project net emissions are small and will not have a negative impact on the country’s low-GHG emissions development pathways.,0.26540199193087494
The water supply sub-component will lead to a net reduction in emissions of 37.5 thousand tCO2-eq from energy savings resulting from a shift from water trucks delivery to piped-water.,0.8005868738347833
While providing access to improved sanitation services will lead to an increase in net emissions of 137.9 thousand tCO2-eq.,0.4439095583829013
Studies on tariff structure for business planning is currently being carried out for the first two operational SISARs and will be carried out for each follow on SISAR during Project implementation.,0.9265915263782848
"These studies will propose the tariff structure, SISAR staffing and the minimum number of household connections needed to make the schemes financially sustainable.",0.9144864515824751
"Given that these SISARs will be set up in rural low-income areas, it is worth noting that the financial objective is to cover Operations and Management (O&M) costs, not to recover capital investments.",0.8416459343650124
"The existing Public Financial Management System of Pernambuco has satisfactory internal rules and controls, with a clear definition of responsibilities and institutional arrangements.",0.8345793810757723
"Procurement will be carried out in compliance with the “World Bank’s Procurement Regulations for IPF Borrowers,” dated September 2023.",0.836456992409446
"Possible delays in procurement processes due to the lack of knowledge about World Bank’s procurement regulations, especially by SAD, will be mitigated by procurement training to be provided by the IBRD to all staff involved.",0.6767583326859907
"Possible conflicts regarding the applicability of World Bank’s procurement regulations over the national regulations will be mitigated by offering training to the implementing agencies and State legal advisors involved in procurement, including those of the State’s Attorney Office (PGE), SRHS and SAD.",0.7418528470126066
C. Legal Operational Policies @#&OPS~Doctype~OPS^dynamics@padlegalpolicy#doctemplate Legal Operational Policies Triggered?,0.10534402457150546
"Thus, a draft Environmental and Social Management Framework (ESMF) was prepared and disclosed by the Borrower and on the Bank’s website on , before Project appraisal.",0.8640271967107599
The Borrower also prepared an inclusive Stakeholder Engagement Plan (SEP) proportional to the nature and scale of the Project and associated risks and impacts.,0.18504168770530008
An Involuntary Resettlement Process Framework was developed in case land acquisition is needed.,0.8186961954290216
"Based on it, Resettlement Action Plans (RAP) will be prepared as necessary, during implementation.",0.586573990908536
The Bank will not finance any type of land expenditures nor cash compensation or other assistance paid in cash for involuntary resettlement.,0.8398744409734552
A updated draft of an Environmental and Social Commitment Plan (ESCP) has been agreed to between the IBRD and the Borrower and disclosed on the Bank’s website on .,0.8398456573486328
"IBRD and the Borrower have agreed on a Dam Safety Action Plan for already identified dams, which has included actions the Borrower will need to carry out.",0.8658129952170632
"The Project is expected to generate a positive E&S impact in improving the quality of life of the benefited families, giving them access to drinking water, improved sanitation, hygiene and environmental education.",0.005694886500185186
"Additionally, broad environmental gain is expected, resulting from the increase in the State’s general capacity to manage water resources.",0.8695051019841974
"Other civil works include the implementation of APAC’s headquarters and regional offices in   The World Bank Brazil: Pernambuco Rural Water and Sanitation Project (PROSAR) (P180430) consolidated urban areas, already altered by anthropic interventions.",0.7234654426574707
"The risks and impacts can be easily mitigated in a predictable manner, with well-known E&S control and mitigation measures.",0.042835571549155495
"Soft activities, i.e., preparation of feasibility/analytical studies, engineering designs, training and capacity building, refurbishment, acquisition of goods, and development of a hydraulic and sanitation planning platform are considered of Low Risk.",0.6211396564136852
Applicable mitigation measures for the above-mentioned E&S risks and impacts are provided within the Project’s ESMF.,0.7427326549183239
"It also includes inter alia (i) management and screening procedures for the Project interventions, taking into consideration the environmental legislation, OHS regulations, ESF requirements and the WBG General EHS Guidelines, including Life and Fire Safety (L&FS) measures for buildings; (ii) roadmap for environmental licenses and permits, as applicable; (iii) guidelines and templates for the preparation of specific E&S instruments for the Project interventions (i.e., E&S impact assessments, E&S management plans, etc.",0.8674981377341531
"The Project will not finance the construction of new dams, nor the rehabilitation of existing dams, but it will rely on the performance of existing dams which will be the water sources for some RWS systems financed by the Project.",0.8891705599698153
"Most of the existing dams related to the Project will only be known during implementation when RWS systems are identified, but those should not present indication of serious dam safety issues or demand rehabilitation works, because, following a rigorous screening process, RWSS systems that depend on such dams will not be eligible for Project financing55.",0.9126047654585405
"Notwithstanding the above, given the client institutional capacity for dam safety, and as a precautionary approach, the risk is rated substantial.",0.8329981023615057
"So far, two existing dams on which Project’s financed RWSS systems will rely upon were identified during Project preparation: Moxotó and Campos, owned by the federal government and part of PISF East Canal infrastructure.",0.8409612829034979
"Both dams have an effective dam safety program in operation, including safety plans (Instrumentation plan, O&M plan and EPP), full-level inspections and regular dam safety assessments, which are considered satisfactory to the Bank.",0.8267707824707031
"The existing documentation on the existing dams provided the technical inputs for the dam safety actions defined in the ESCP, mainly, regular maintenance works.",0.8636315952647816
APAC has the authority (Law 16.778-2109) to oversee the PISF operation in Pernambuco and will oversee and monitor the existing dams’ safety related measures.,0.8664998141202059
The Bank assessed the Borrower’s system and capacity for dam safety management.,0.8822402954101562
APAC is responsible for dam safety regulations and enforcement in the State and will provide technical support to the Project on dam safety related issues.,0.8581857681274414
"It has a unit dedicated to dam safety and comprehensive dam safety regulations, promoting numerous activities to improve dam safety in the State.",0.5379853248596191
"However, the State has not finalized the implementation of the Pernambuco Sustainable Water Project (P108654) post-closing action plan, agreed in 2020, including the rehabilitation of the Pirapama 55In preparation for follow on projects, based on improved information and State’s capacity, this criteria would need to be reviewed in order to consider more dam reservoir as water sources to supply RWS, and add equivalent resources to support any dam safety rehabilitation needs.",0.8650833476673473
"  The World Bank Brazil: Pernambuco Rural Water and Sanitation Project (PROSAR) (P180430) Dam56, highlighting the need to improve its dam safety practices.",0.902193242853338
"The State is willing to improve its dam safety management practices and the Project will finance dam safety capacity building activities, including the inventory of existing dams, staff training and adoption of risk management tools.",0.8961913368918679
There will be no RWS relying on the Pirapama dam under the Project.,0.8446657874367454
The Client agreed to implement the dam safety requirements defined in IBRD Environmental and Social Standard 4 (Annex 1 – Safety of dams).,0.860973444851962
The ESMP details the applicable dam safety requirements for the two dams already identified and for additional dams identified during implementation.,0.8652168620716442
The requirements for eligible dams are: (a) an inspection and evaluation of their safety status; (b) an evaluation and potential revision of the owners’ O&M procedures and Emergency Action Plans; and (c) an independent dam safety review in accordance with the Bank Good Practice Note on Dam Safety.,0.7054888551885431
The dam safety requirements are defined in more details in the ESCP.,0.21174504540183328
"These participatory fora will, for example, support participatory monitoring of the works and quality of the Project and support the use of the grievance redress mechanism (GRM) at the community level, and in generating feedback on the progress of project activities.",0.8137552087957208
The GRM will be linked to the Project’s web-based monitoring platform (to be customized for PROSAR’s demands) will collect information on beneficiary feedback and close the feedback loop with stakeholders.,0.03533814712004228
"A beneficiary feedback indicator will track beneficiaries’ satisfaction with water services and improvement in the quality, quantity, and regularity of access to water.",0.8303665681318804
  The World Bank Brazil: Pernambuco Rural Water and Sanitation Project (PROSAR) (P180430) hours.,0.5779101631858132
Communities and individuals who believe that they are adversely affected by a project supported by the World Bank may submit complaints to existing project-level grievance mechanisms or the Bank’s Grievance Redress Service (GRS).,0.869106032631614
"Getting SISARs to mature up to a stage of financial sustainability takes time and is relatively challenging to implement, as enough communities need to adhere to the system and water users & communities need to pay their tariffs and fees.",0.8767043893987482
  The World Bank Brazil: Pernambuco Rural Water and Sanitation Project (PROSAR) (P180430) preparation and adoption of a State WSS Strategy and regional WSS Plans to institutionalize the approach.,0.44911271875554865
"Compesa is going to be restructured to comply with the 2020 law, expected to have a greater private participation and Pernambuco Regulatory Agency (Agência Reguladora de Pernambuco – ARPE), while responsible for regulating the WSS sector among other sectors, is not currently exercising this function in the rural space.",0.5390586853027344
"These reforms may slow-down Project implementation and, in the case of Compesa’s increased private participation, may reduce its support to the SISARs, to which it is, along with SESAN, providing technical expertise and subsidies during their incubation phase.",0.5419753681529652
"The Project will not finance the construction of new dams, nor the rehabilitation of existing dams, but it will rely on the performance of existing dams which will be the water sources for some RWS systems financed by the Project.",0.8891705599698153
"Most of the existing dams related to the Project will only be known during implementation when RWS systems are identified, but those should not present indication of serious dam safety issues or demand rehabilitation works, because, following a rigorous screening process, RWSS systems that depend on such dams will not be eligible for Project financing.",0.9079586375843395
"Notwithstanding the above, given the client institutional capacity for dam safety, and as a precautionary approach, the risk is rated substantial.",0.8329981023615057
"Mitigation measures include for the dams on which the Project may rely, the following dam safety requirements including: (a) an inspection and evaluation of their safety status; (b) an evaluation and potential revision of the owners’ O&M procedures and Emergency Action Plans; (c) an independent dam safety review in accordance with the Bank Good Practice Note on Dam Safety; and (d) dam safety capacity building activities, including the inventory of existing dams, staff training and adoption of risk management tools.",0.8670420213179155
  The World Bank Brazil: Pernambuco Rural Water and Sanitation Project (PROSAR)(P180430) VII.,0.8009499636563387
"RESULTS FRAMEWORK AND MONITORING @#&OPS~Doctype~OPS^dynamics@padannexresultframework#doctemplate PDO Indicators by PDO Outcomes Baseline Closing Period Increase access to sustainable, safely managed, climate-resilient drinking water supply Rural people benefiting from access to safely-managed drinking water supply from climate-resilient water source (number), disaggregated by gender and race/ethnicity (Number) Nov/2023 Jun/2032 0 48,000 Rural people benefiting from access to safely-managed drinking water supply from climate-resilient water source by gender and race/ethnicity (Text) Nov/2023 Jul/2032 Not applicable.",0.8738774386319247
"Percentage of Project beneficiaries per gender and race/ethnicity SISAR Service Quality Index (Text) Nov/2023 Jun/2032 Not applicable Good Increase access to improved sanitation • People provided with at least basic sanitation services , disaggregated by gender and race/ethnicity.",0.5176627852699973
"(Number) Nov/2023 Jun/2032 0 39,000 People provided with at least basic sanitation services (text) by gender and race/ethnicity (Text) Nov/2023 Jul/2032 Not applicable Percentage of Project beneficiaries per gender and race/ethnicity Build the Borrower's capacity to reach universal RWSS services • State’s universal, climate-resilient RWSS strategy and regional WSS plans adopted and under implementation (Yes/No) Nov/2023 Jun/2032 No Yes Intermediate Indicators by Components Baseline Closing Period   The World Bank Brazil: Pernambuco Rural Water and Sanitation Project (PROSAR)(P180430) 1–Increase access to climate-resilient, safely-managed RWS and improved sanitation Communities with feasibility and design studies for rural water supply systems (Number) Nov/2023 Jun/2032 0 180 Communities with feasibility and design studies for rural sanitation solutions (Number) Nov/2023 Jun/2032 0 195 Communities with climate resilient water supply systems implemented by the Project (Number) Nov/2023 Jun/2032 0 100 Communities with improved sanitation solutions implemented by the Project (Number) Nov/2023 Jun/2032 0 100 Climate-resilience of Botafogo water system increased (Yes/No) Nov/2023 Jun/2032 No Yes Innovative RWSS solutions implemented (Number) Nov/2023 Jun/2032 0 30 Time of women's caregiving tasks per day/week, in communities with drinking water supply systems implemented by the Project (Number) Nov/2023 Jun/2032 24 21 People provided with water, sanitation, hygiene (Number), of which percentage is safely managed (Percentage).",0.7389964190396395
(Number) Oct/2023 Jun/2032 0 TBD People provided with water which is safely managed (Percentage).,0.7336800315163352
"(Percentage) Nov/2023 Jul/2032 0 100 2-Build the Borrower's capacity to reach universal RWSS access and sustainably manage RWS systems SISAR collaborators trained (Number) Nov/2023 Jun/2032 0 100 SISAR Customer Service Satisfaction Index (Percentage) Nov/2023 Jun/2032   The World Bank Brazil: Pernambuco Rural Water and Sanitation Project (PROSAR)(P180430) 0 80 APAC's headquarters and regional offices installed and operational (Number) Nov/2023 Jun/2032 0 3 Municipalities in Pernambuco with hydrogeological monitoring supported by the Project (Number) Nov/2023 Jun/2032 0 34 Share of WASH jobs created by the project occupied by women (Percentage) Nov/2023 Jun/2032 0 30 Implementation of the Water Infrastructure Planning Platform (Yes/No) Nov/2023 Jun/2032 No Yes Average resolution time of complaints (Days) Nov/2023 Jun/2032 - 30 3-Project Management   The World Bank Brazil: Pernambuco Rural Water and Sanitation Project (PROSAR) (P180430) Monitoring & Evaluation Plan: PDO Indicators by PDO Outcomes Increase access to sustainable, safely managed drinking water supply Rural people benefiting from access to safely-managed drinking water supply from climate-resilient water source (number), disaggregated by gender and race/ethnicity The indicator will measure the cumulative number of rural people benefiting from access to safely-managed drinking Description water supply from climate-resilient water source from Project interventions monitored disaggregated by gender and race/ethnicity.",0.9543411081487482
"Responsibility for Data SISAR to inform and PMU to consolidate Collection SISAR Service Quality Index (Text) Qualitative service index to consider the O&M performance of SISAR, considering quality and efficiency of service Description delivery through financial balance and water quality aspects for SISAR service delivery.",0.8911288001320579
"If cash sufficiency (CS) Methodology for Data (revenue/expenditure) is equal or higher than 105%, it is considered “good”.",0.4452948570251465
"  The World Bank Brazil: Pernambuco Rural Water and Sanitation Project (PROSAR) (P180430) Responsibility for Data PMU Collection Build the Borrower’s capacity to reach universal RWSS services State's Climate Resilient, Universal RWSS strategy and regional WSS plans adopted and under implementation (Yes/No) The indicator will report on the development, approval and advance to implementation of the two microregional Description climate resilient WSS plans and the climate resilient Universal RWSS access Strategy.",0.9021244049072266
"Frequency Per Semester Data source SESAN Methodology for Data Approval of the plans by the respective region’s body and strategy approved by SESAN Collection Responsibility for Data PMU Collection Monitoring & Evaluation Plan: Intermediate Results Indicators by Components 1 – Increase access to climate-resilient, safely-managed RWS and improved sanitation Communities with feasibility and design studies for rural water supply systems (Number) The indicator will measure the cumulative number of communities benefitting from RWS designs prepared by the Description Project to support the universal access goal Frequency Per Semester Data source Number of designs delivered to SESAN Methodology for Data Number of communities that have had RWS designs completed with support from the Project Collection Responsibility for Data PMU Collection Communities with feasibility and design studies for rural sanitation solutions (Number) The indicator will measure the cumulative number of communities benefitting from sanitation solutions designs Description prepared by the Project to support the universal access goal Frequency Per Semester Data source Number of designs delivered to SESAN Methodology for Data Number of communities that have had sanitation solutions designs completed with support from the Project Collection Responsibility for Data PMU Collection Communities with climate resilient water supply systems implemented by the Project (Number The indicator will measure the cumulative number of communities benefitting from RWS implemented by the Project Description to support the SISAR schemes Frequency Per Semester Data source SISAR data base Methodology for Data Number of communities that are in the SISAR data base who benefitted from project’s water interventions Collection Responsibility for Data SISAR to collect and PMU to consolidate Collection Communities with improved sanitation solutions implemented by the Project (Number) The indicator will measure the cumulative number of communities benefitting from sanitation solutions implemented Description by the Project Frequency Per Semester Data source Supervision firm’s works completion reports Methodology for Data Number of communities that are in supervision firm’s report who benefitted from project’s sanitation interventions.",0.7873464064164595
"Collection   The World Bank Brazil: Pernambuco Rural Water and Sanitation Project (PROSAR) (P180430) Responsibility for Data PMU Collection Climate-resilience of Botafogo water system increased (Yes/No) The indicator will measure the capacity of the Botafogo water system to produce an average monthly water of 1,600 Description l/s once the Arataca II becomes operational.",0.8762500069358132
"Responsibility for Data PMU to consolidate Collection People provided with water, sanitation, hygiene (Number), of which percentage is safely managed (Percentage) The indicator will measure the number of people provided with water or sanitation or hygiene as well as the Description percentage of which provided with safely managed water services.",0.3257976011796431
Collection Percentage of safely managed water services would be monitored using SISAR’s data base where SISAR is fully operational.,0.8606378381902521
"Responsibility for Data SISAR and the Project supervision firm to collect and PMU to consolidate Collection 2 – Build the Borrower's capacity to reach universal and climate-resilient RWSS access and sustainably manage RWS systems and their water sources SISAR collaborators trained (Number) The indicator will measure the cumulative number of SISAR collaborators trained with support from the Project, Description monitored disaggregated per gender and race/ethnicity.",0.8430973399769176
"Frequency Per Semester Data source SISAR reports   The World Bank Brazil: Pernambuco Rural Water and Sanitation Project (PROSAR) (P180430) Methodology for Data Counting the cumulative number of SISAR participants of capacity building trainings delivered by the Project Collection Responsibility for Data SISAR to inform and PMU to consolidate Collection SISAR Customer Service Satisfaction Index (Percentage) The satisfaction index will measure the customer’s satisfaction regarding quality, quantity and regularity of the SISAR Description service provision.",0.4407767816023393
"Collection Responsibility for Data PMU Collection APAC's headquarters and regional offices installed and operational (Number) Description This indicator will monitor the conclusion of APAC’s offices works, their staffing and operation Frequency Per Semester Data source APAC reports Methodology for Data Assessment of works reports, and APAC’s management reports to check if offices are providing service to the Collection population.",0.3520236015319824
Responsibility for Data APAC to inform and PMU to consolidate Collection Municipalities in Pernambuco with hydrogeological monitoring supported by the Project (Number) The indicator will measure the cumulative number of municipalities in Pernambuco with hydrogeological monitoring Description supported by the Project Frequency Per Semester Data source APAC monitoring reports Methodology for Data Number of municipalities with hydrogeological monitoring instruments implemented by the Project Collection Responsibility for Data APAC to inform and PMU to consolidate Collection Implementation of the Water Infrastructure Planning Platform (Yes/No) Description Hydraulic Infrastructure and Sanitation Planning Platform implemented Frequency Per Semester Data source SEIH Methodology for Data Platform launched Collection Responsibility for Data PMU Collection Share of WASH jobs created by the project occupied by women (Percentage) Description The indicator will measure the cumulative number of women participating in WASH jobs promoted by the Project Frequency Per Semester Data source SISAR reports Methodology for Data Percentage of women operating water supply systems financeed by the Project compared to total number of Collection operators Responsibility for Data SISAR to inform and PMU to consolidate Collection Average resolution time of complaints (Days) Description Monthly average of time needed to resolve Project-related complaints Frequency Per Semester Data source GRM channels   The World Bank Brazil: Pernambuco Rural Water and Sanitation Project (PROSAR) (P180430) Methodology for Data Identify monthly average of time of all registered complains to be responded Collection Responsibility for Data PMU Collection 3 - Project Management   The World Bank Brazil: Pernambuco Rural Water and Sanitation Project (PROSAR) (P180430) ANNEX 1: Implementation Arrangements and Support Plan COUNTRY: Federative Republic of Brazil Brazil: Pernambuco Rural Water and Sanitation Project (PROSAR) Project’s institutional and implementation arrangements 1.,0.8258228302001953
"The Secretariat of Water Resources and Sanitation (SRHS), through the Executive Secretariat of Water Supply and Sanitation (SESAN), will be responsible for overall Project implementation and coordination with other participating institutions.",0.8647112412886186
"SRHS has three Executive Secretariats (SESAN; the Executive Secretariat of Water Infrastructure, SEIH; and the Executive Secretariat for Institutional Management, SEG).",0.5384030775590376
"SESAN will house the Project Management Unit (PMU), which will be created via State Decree.",0.8539837923916903
"This includes Project implementation and supervision, procurement and contract management, monitoring and evaluation, financial management (accounting and disbursement procedures), and environmental and social management.",0.8662789084694602
"They will be responsible for providing technical support in the preparation of the terms of references/technical specifications, contracts supervisions and management.",0.870501084761186
"Compesa, the State WSS Utility, will bring its WSS expertise to deliver technical assistance to the SISARs and rural communities, prepare terms of reference/technical specifications, contracts supervision and management; and will manage the RWSS information system.",0.8932296579534357
"In addition, it is responsible for the implementation and supervision of the Arataca II pipeline works.",0.8649619709361683
"APAC, which is a special agency of the State, will participate in the implementation of Component 2.2, except for the development of the Hydraulic Infrastructure and Sanitation Planning Platform.",0.9253455075350675
APAC’s technical support on dam safety and PISF aspects will also be needed.,0.8664656552401456
SCGE will provide technical cooperation regarding risk management and will support the PMU in the consultancy for institutional strengthening under Component 3.,0.8381892984563654
"In addition, SEIH, while not a technical cooperating entity, will provide support to the PMU in the preparation of the terms of reference/technical specifications and in the supervision of contracts to set-up the hydraulic infrastructure and sanitation planning platform.",0.8834844936024059
"In addition, Operational Agreements between the SRHS and the six SISARs will be signed to specify their respective responsibilities in the management of the RWSS schemes.",0.8428896990689364
"  The World Bank Brazil: Pernambuco Rural Water and Sanitation Project (PROSAR) (P180430) Implementation Component Technical Implementation (overall SHRS, through SESAN) Component 1 SESAN/COMPESA (only 1.2) Component 2 SESAN/APAC (2.2) /SEIH (only hydraulic-infra platform) Component 3 SESAN/SCGE (only SCGE strengthening activities) Coordination 6.",0.9036617279052734
"The Environmental State Agency (CPRH), which is a special agency of the State, will be responsible for analyzing and approving the environmental licensing requested by the SRHS, following standard practice .",0.8465583974664862
"The State Secretariat of Planning, Management and Regional Development (SEPLAG) will be responsible for allocating the necessary budget for the execution of the Project, and the State Treasury Office (SEFAZ) for allocating the necessary financial resources for its execution.",0.8560252623124556
"Finally, the Regulatory Agency of Pernambuco (ARPE), will provide regulatory support if needed, given that RWSS service provision -related regulation is still limited, if any 59.",0.8154003836891868
The implementation of the Project will be supported by the IBRD’s Project task team.,0.7851163690740411
"The type and level of support is guided by the Project’s scope, activities, risks and institutional capacity.",0.20115427537397904
"Implementation support by IBRD will consist of semiannual full supervision missions, short technical missions, virtual meetings between IBRD and the client representatives, including senior management and the PMU team, as appropriate.",0.8398499922318892
"Additional support will be provided by IBRD’s procurement, FM, and safeguards specialists, on Project contracts and overall compliance with the Environmental and Social Framework (ESF) and fiduciary requirements.",0.8656047474254261
"Technical experts from IBRD technical team will provide advice to the client, as required, regarding ToRs, engineer designs, feasibility studies, management models, technical assistance needs, knowledge exchange activities and will promote/share innovative approaches.",0.8680248260498047
Supervision missions will meet with the client representatives to: (i) review progress on the Project’s activities; (ii) discuss strategic alignment of relevant stakeholders around Project’s 59 Project will advance to define key performance monitoring indicators to apply to the SISARs in order to assess progress and results.,0.006770901381969452
"Supervision will concentrate on ensuring the technical quality of bidding documents ToRs, evaluation reports, construction plans, products delivered by consultants.",0.8882168856534091
"During construction and commissioning, technical supervision will be provided to ensure that technical contractual obligations are met.",0.8115685202858665
"Moreover, technical assistance including capacity building and institutional strengthening will be provided to enhance performance of the Project-supported activities.",0.8496281883933328
c. Fiduciary support.,0.6967550624500621
"Periodic supervision of procurement and FM support will be carried out by IBRD semiannually or annually to: (i) perform desk reviews of the Project IFRs and audit reports, following up on any issues raised by auditors, as appropriate; (ii) assess the performance of control systems and arrangements; (iii) update the FM rating in the FM Implementation Support and Results Report as needed; (iv) provide training and guidance on carrying out procurement processes in compliance with the Procurement and Anti-Corruption Guidelines, PPSD and the POM; (v) review procurement documents and provide timely feedback to the PMU; (vi) carry out the post review of procurement actions; and (vii) help monitor the Project’s progress against the Procurement Plan.",0.8522912805730646
"The coordination that began during preparation would continue throughout Project implementation, especially to ensure that relevant environmental and social concerns are included in the works financed under Components 1 and 2 through due diligence from applications of the site-specific ESF instruments and effective mitigation measures.",0.832232041792436
"Implementation Support Resource Estimates Resource Estimates Time Focus Skills Needed (Staff Weeks) Project rollout, management, and 6 per task team lead Task team leads implementation support coordination per year Refine subcomponent activities and ensure Task team leads/technical 2 per task team lead quality of detailed designs specialists per year Social and environmental compliance activities, Social, environmental, and including risk mitigation measures, and safety of 4 per year First 12 dam safety specialists dams months Technical and procurement review of ToRs and Task team leads, technical 6 per year bidding document specialists, procurement Fiduciary arrangements and FM systems Financial management 3 per year Task team leads/technical Promoting innovation in the project 3 per year specialists Operational support Operations Analyst 6 per year 12 to 84 Procurement review and feedback of bidding Procurement specialist 6 per year months documents and consultant contracts   The World Bank Brazil: Pernambuco Rural Water and Sanitation Project (PROSAR) (P180430) Resource Estimates Time Focus Skills Needed (Staff Weeks) Technical review of ToRs, technical reports, and Task team leads, technical 6 per year bidding documents specialists Non-lending technical assistance, capacity, and Task team leads, technical 4 per year institutional strengthening efforts specialists FM supervision FM specialist 3 per year Social compliance —supervision Social specialist 4 per year Environmental compliance—supervision Environmental specialist 4 per year Dam safety compliance – supervision Dam safety specialist 4 per year Project management, M&E, and project Task team leads, technical 8 per year supervision coordination specialists Operational support, M&E, lessons learned, Technical specialists and 6 per year progress and final reporting operations analyst Skill Mix Requirements Skill Needs for Supervision Comment Task team leaders Headquarters and country based WRM / WSS specialists Headquarters and country based Infrastructure engineer Country based FM specialist Country based Procurement specialist Country based Social specialist Country based Environmental specialist Country based Dam safety specialists Headquarters and country based M&E specialist Headquarters and country based Operations analyst Headquarters and country based Lawyers Country based Disbursement officers Country based Financial Management 10.",0.8779842203313654
"It will have the primary FM fiduciary responsibilities for the Project (as PMU), including (i) coordinating and supervising Project implementation; (ii) submitting disbursement requests and documentation of expenditures to the Bank; (iii) preparing and submitting IFRs to the Bank; (iv) preparing and providing all financial documentation and Project reports/information requested by external auditors and Bank staff; and (v) preparing and updating the Project Operational Manual (POM) and ensuring that all Project executors follow it.",0.8670012734153054
"SRHS will create a PMU, which must be composed of at least, one Project Financial Management Specialist (FMS) to be primarily responsible for coordinating the Project’s financial/accounting demands in accordance with terms of reference to be agreed upon with the Bank.",0.35086714137684216
"  The World Bank Brazil: Pernambuco Rural Water and Sanitation Project (PROSAR) (P180430) staff joining the Project, unfamiliar and inexperienced with the Bank’s policies and procedures, must participate in the Bank’s fiduciary training session when available.",0.8751414905894886
"All the Project’s budgeting and accounting transactions will be processed through the e-Fisco, which complies with Decreto 10.540/2020, establishing the minimum requirements for the subnational’s Integrated and Unified System for Budget Execution, Financial Management, and Control.",0.8712290850552645
E-fisco ensures proper recording of the Project's financial execution by processing accounting and financial information.,0.8337398008866743
"The Project will also rely on the Program Management, Monitoring, and Evaluation System – SGMAP developed to manage Programs based on External Credit Operations, which was successfully used in the Environmental Sanitation Program for the Ipojuca River Basin – PSA Ipojuca (BR-L1314) financed by the IDB and will be customized for use in PROSAR.",0.8893401406028054
SEFAZ releases funds to the PMU based on the presentation of supporting documentation detailing the object of expenditure.,0.6119945699518378
"The Project will be implemented using the state’s existing systems, and national accounting standards (Modified 62 Accrual ) will be followed as they are deemed acceptable to the Bank.",0.8459963365034624
The expenditures will be accounted under a chart of accounts structure that must follow the Project’s design to appropriately reflect the project structure to allow the SRHS to monitor the project implementation and run reports for monitoring and auditing purposes.,0.6897299506447532
SRHS will have access to the Bank’s Client Connection system for up-to-date information relating to the disbursement of the proceeds of the Loan.,0.7119769183072177
  The World Bank Brazil: Pernambuco Rural Water and Sanitation Project (PROSAR) (P180430) 21.,0.13943480361591687
"The recently implemented prior World Bank operation implemented by the State63 faced relevant issues related to weak internal control arrangements at the PMU level; in this regard, SCGE-PE 64 will undertake the relevant Project’s internal control activities, working with the SRHS to strengthen its internal controls and execute audits of procedures as part of the Project that will be programmed as technical assistance activities.",0.5971662347966974
The amount to be financed from the loan for the internal control activities will depend on the SCGE-PE’s working plan.,0.8180051283402876
The costs for IA-CM implementation will be shared among other projects financed by the Bank in the State.,0.8655103336681019
"The POM will comprise descriptions, flow charts, policies, templates and forms, user-friendly tools, tips, and techniques to ensure that the approval and authorization controls continue to be adequate and are appropriately documented and followed with adequate safeguarding of the Project’s assets (including the following topics in the FM and Disbursements section: the flow of funds, chart of accounts, Project organizational structure and responsibilities, oversight lines, authority limits, internal and external audit arrangements, accounting practices, disbursement procedures and the financial reporting arrangements).",0.8456259640780363
A draft POM was prepared by the PMU ; and the final version of the POM approved by the Bank is an effectiveness condition.,0.8467963825572621
The disbursement of Project funds will be processed in accordance with Bank procedures as stipulated in the Legal Agreement and the Disbursement and Financial Information Letter (DFIL).,0.8327952298251066
66 Secretaria de Administração – Secretariat of Administration   The World Bank Brazil: Pernambuco Rural Water and Sanitation Project (PROSAR) (P180430) Direct Payments if required.,0.5613465742631392
The funds flow will rely on existing State’s (i.e.Country) systems: all payments will be made by SRHS using the e-Fisco system once payment obligations have been committed and verified.,0.7729766152121804
"The funds will be transferred to a specific segregated bank account (DA), opened specifically for the Project and administered by the SEFAZ67.",0.868621132590554
This account will be opened at a commercial bank acceptable to the Bank.,0.8050895170731978
Project payments will be made from the treasury single account and reimbursed by the funds from the designated account within one day (D+1).,0.8307819366455078
"Payment processes will be registered in e-Fisco System by the SRHS, and the records will be reconciled at the end of each month.",0.806460207158869
"The Minimum Application Size (MAS) for Direct Payment Withdrawal Applications (WA) will be US$1,000,000 equivalent.",0.8709886724298651
"SRHS will sign off on the WAs documenting expenditures, based only on actual expenditures, ensuring that the Loan proceeds were exclusively used for eligible expenditures.",0.6654130762273615
The Project Application Deadline Date (final date on which the Bank will accept WAs from the Borrower or documentation on the use of loan proceeds already advanced by the Bank) will be four months after the Loan Closing Date.,0.8422190926291726
This “Grace Period” is granted to allow the orderly Project completion and closure of the Loan Account via the submission of WAs and support documentation for expenditures incurred before the Closing Date.,0.8106722398237749
"No withdrawal shall be made for payments made prior to the date of the Legal Agreement, except that withdrawals up to an aggregate amount (in US$ equivalent) not to exceed 20 percent of the Loan amount may be made for payments made prior to the Signing Date, but in no case, more than one year prior to the Signing Date, for Eligible Expenditures as set out in the Legal Agreement.",0.3891748948530717
"SRHS will prepare and submit to the Bank bi-annual IFRs, no later than 45 days after the end of each reporting period.",0.05398969216780229
These IFRs will be produced with information extracted from the e-Fisco System and will consolidate the Project’s financial data for all components using cash basis.,0.8948007063432173
The IFRs and SOEs will be issued by the SGMAP system that needs to be customized to reflect the Bank’s formats.,0.6555316231467507
The following bi-annual IFRs (to be prepared in Reais) will be prepared for Project monitoring and management purposes and be submitted to the Bank: 67 Secretaria de Fazenda do Estado de Pernambuco – State Treasury.,0.8534128015691583
"  The World Bank Brazil: Pernambuco Rural Water and Sanitation Project (PROSAR) (P180430) a. IFR 1-A –Sources and Uses of Funds by Disbursement Category (period to date, year-to-date, Project-to- date) showing budgeted amounts versus actual expenditures (i.e., documented expenditures), including a variance analysis; b. IFR 1-B –Uses of Funds by Project Component (period to date, year-to-date, Project-to-date) showing budgeted amounts versus actual expenditures (i.e., documented expenditures), including a variance analysis; c. IFR 1-C – DA bank reconciliation and accompanying bank statements; and d. Cash flow for the following period.",0.8863875649192117
"For Project purposes, the external audit of the Project will be performed by independent external auditors69 following the agreed TOR acceptable to the Bank and in accordance with International Standards on Auditing (ISAs) issued by The International Auditing and Assurance Standards Board (IAASB) of the International Federation of Accountants (IFAC) or national auditing standards if, as determined by the Bank, these do not significantly depart from international standards.",0.7520431171764027
The TOR should be prepared by the SHRS and be approved by the Bank within three months after effectiveness.,0.7337622209028765
Conditions or Nonstandard/Significant Financial Covenants .,0.8689838756214489
"69The Bank consulted with the State Court of Accounts (Tribunal de Contas do Estado de Pernambuco-TCE-PE) regarding its availability to perform the Project’s Annual Financial Statement Audit, subject to a review of the results of the MMD-QATC report.",0.7844612815163352
Strengthening and institutional capacity activities to support TCM-PE will be assessed throughout project implementation as part of the Project’s technical assistance component.,0.8446150693026456
  The World Bank Brazil: Pernambuco Rural Water and Sanitation Project (PROSAR) (P180430) ANNEX 2: Climate Co-benefits Annex The table below provides additional information on Project activities’ IBRD financing and contributions to climate adaptation and mitigation.,0.8508533130992543
Project activities IBRD financing Contribution to climate Contribution to climate (US$ million) adaptation mitigation 1.1.,0.8464424826882102
"Increase access to safely-managed RWS and improved on-site sanitation solutions with climate-resilient designs (IBRD: US$66.50) Construction and rehabilitation of Rural 46.88 Water scarcity, drought and The new RWS systems would Water Supply Systems flood resilient design in areas lead to substantial reduction in prone to those risks GHG emissions as the majority of beneficiaries would switch from water brought by trucks running on diesel oil to piped systems powered by renewable energy or the existing electricity grids which relies heavily on renewable energy.",0.8903878818858754
Construction or rehabilitation of on-site 19.62 Flood resilient design in areas Reduction in the use of energy Rural Sanitation prone to flood.,0.5314625826748934
"Improve climate-resilience of water sources (IBRD: US$0.8 million) Arataca II system 0.00 Instrumentation and basic maintenance 0.80 Improved dam safety could of dams reduce flood risks due to dam failure in a context of increased peak flows due to climate change 1.3 Innovate with climate-resilient, 0.97 Wastewater reuse would be safely-managed RWSS pilot one of the solutions to be solutions for universal access piloted.",0.9215380928733132
1 Build the Borrower’s capacity to reach universal RWSS access and sustainably managed RWS systems (IBRD: US$7.95 million) 2.1.1.,0.8363330147483132
Establishment of 6 SISARs: Training will include sessions to Refurbishment will include (i) business plans 0.82 be better prepared in case of measures to increase building (ii) training SISARs + communities 1.00 flood and/or drought energy efficiency and use of (ii) refurbishing and equipping office 3.43 renewable energy.,0.8302056572654031
"State’s RWSS information system 0.50 Includes information related to Includes information about flood, drought and water community RWSS systems scarcity risks faced by RWSS related to GHG emissions systems in the database (specifying the types of energy and sanitation solutions used)   The World Bank Brazil: Pernambuco Rural Water and Sanitation Project (PROSAR) (P180430) 2.1.3.",0.8482829007235441
"State climate resilient universal 2.00 The strategy and plans will The strategy and plans will WSS strategy and regional climate include policy measures, include policy measures and resilient WSS plans climate risks mapping and consider technological choices promote technologies to that promote energy efficiency, increase RWSS systems the use of renewable energy and resilience to drought, flood andsanitation solutions with low water scarcity risks GHG emissions.",0.961754712191495
"Strengthen the resilience of the Borrower’s RWS systems’ water sources under climate risks (IBRD: US$$7.80 million) Construction/renovation/equipment of 3.82 APAC’ s management of Energy efficient design for APAC’s HQ and 2 regional offices drought, flood and increased building construction and water scarcity risks requires renovation and use of renewable strong presence in the field to energy.",0.9112727425315164
carry out functions such as O&M of hydromet stations and piezometric networks; O&M of water inter-basin transfer infrastructure to reduce drought and scarcity risks; control of water uses and dam safety; which will be made possible by the creation of two regional offices.,0.9101723757657137
Strengthening of hydromet 0.84 This will allow improving Better upstream management of monitoring drought and flood forecasting water sources would allow a and climate projections as well reduction of emissions as less as a better monitoring of the water trucks would be needed water sources used for rural during drought events water to avoid over-use.,0.8689654090187766
"Development of hydrogeological 0.86 This will allow the Use of water sources close to studies of sedimentary aquifers identification of drought communities, reducing the use of resilient sources for RWSS in energy to transport water.",0.8314092809503729
"the project area Public awareness campaign to 0.38 This will increase resilience to increase water users’ registration and increase water scarcity and water rights emission droughts in the project area by allowing a better protection of formalized water rights in a context of increasing water scarcity and carrying a process of negotiated allocation in times of droughts State-wide drought preparedness 0.34 It will be an instrument for plan updating the methodologies and practices currently used by the State, defining the use of environmentally sustainable   The World Bank Brazil: Pernambuco Rural Water and Sanitation Project (PROSAR) (P180430) technologies and tools, enabling water security in dry periods.",0.9587971080433239
Feasibility studies for urban riverfront 0.35 park to improve riverfront public access and recreational use as well as improve river and banks ecological state Hydraulic infrastructure and 1.2 GIS database with all State sanitation planning platform hydraulic operational and non - operational hydraulic infrastructure and their characteristics; communities water supply and sanitation access gaps; allowing superposition with drought and flood risk maps; water source maps etc.,0.9022407531738281
to improve climate- resilient hydraulic infrastructure investment planning and programming.,0.9155989560213956
Support Project Management (IBRD: US$5.98 million)   The World Bank Brazil: Pernambuco Rural Water and Sanitation Project (PROSAR) (P180430) ANNEX 3: Gender Aspects 1.,0.8633431521329012
  The World Bank Brazil: Pernambuco Rural Water and Sanitation Project (PROSAR) (P180430) since they are primary caregivers to family members affected by waterborne diseases and other illnesses such as COVID- 19.,0.7480580589988015
"However, their decision-making power on the utilization and management of resources is often limited by traditional values and customs.",0.7594786557284269
"In the community O&M management scheme (SISAR) that the Project will support, community associations play a fundamental role in providing participation, decision-making, and access to water services for the population.",0.8475709394975142
"  The World Bank Brazil: Pernambuco Rural Water and Sanitation Project (PROSAR) (P180430) Baseline of communities benefiting from promote WSS connections and/or the project will be confirmed in the first payment of tariffs to avoid WSS year of Project implementation disconnection (led by women/women’s groups)  Create awareness on the burden associated with water collection, water purification, caregiving because of diseases caused by poor WASH, and maintenance of sanitation facilities as well as promoting shared responsibility for those household tasks  Establish awareness-raising/ behavior change programs to promote water conservation/sustainable water use (led by women/women’s groups)  Raise awareness of the safe use of water and the health risks associated with contaminated water  Engage women as community health and hygiene educators (for example, in promoting handwashing, sanitation, menstrual hygiene management) Lack of WASH facilities at household  Invest in the construction of  Increase in WASH facilities level exposes females to higher risk of WASH facilities in/in proximity to constructed in/in proximity at GBV while walking long distances to homes household level secure water and/or using remote and  Involve women in decision- unsafe sanitation facilities.",0.8447282964533026
